<?xml version="1.0" encoding="UTF-8"?>
<project-private xmlns="http://www.netbeans.org/ns/project-private/1">
    <editor-bookmarks xmlns="http://www.netbeans.org/ns/editor-bookmarks/2" lastBookmarkId="0"/>
    <open-files xmlns="http://www.netbeans.org/ns/projectui-open-files/2">
        <group>
            <file>file:/C:/wamp64/www/mya/seguridad/resources/views/layouts/app.blade.php</file>
            <file>file:/C:/wamp64/www/mya/seguridad/public/css/style.css</file>
            <file>file:/C:/wamp64/www/mya/seguridad/resources/views/welcome.blade.php</file>
            <file>file:/C:/wamp64/www/mya/seguridad/resources/views/includes/menu.blade.php</file>
            <file>file:/C:/wamp64/www/mya/seguridad/config/mail.php</file>
            <file>file:/C:/wamp64/www/mya/seguridad/.env</file>
            <file>file:/C:/wamp64/www/mya/seguridad/app/Http/Controllers/UserController.php</file>
        </group>
    </open-files>
</project-private>
